"First Name","Last Name","Phone"
"Sarah","Davis","604-9983-06"
"Grace","Craig","135-5305-92"
"Byron","Edwards","434-6857-64"
"Patrick","Martin","332-1358-96"
"Thomas","Andrews","535-2136-20"
"Ryan","Morgan","541-6201-73"
"Alford","Reed","167-9576-82"
"Melissa","Russell","511-4319-81"
"Isabella","Fowler","744-5680-42"
"Marcus","Allen","912-2752-57"
"Garry","Payne","539-8798-56"
"Kimberly","Phillips","608-0152-09"
"Vincent","Barrett","536-4501-78"
"Alisa","Dixon","178-7830-92"
"Lydia","Henderson","144-3188-13"
"Carina","Crawford","352-8598-75"
"Adrian","Ryan","087-0275-71"
"Darcy","Hunt","915-5390-14"
"Savana","Holmes","725-2831-71"
"Patrick","Alexander","155-1958-98"
"Isabella","Ryan","726-7353-86"
"Carina","Perry","295-3436-88"
"Penelope","Andrews","395-8796-33"
"Rubie","Farrell","180-0579-11"
"Edwin","Harper","101-2023-43"
"Arnold","Morgan","236-5547-29"
"Annabella","Hall","991-6419-32"
"Agata","Williams","704-5576-86"
"Maya","Miller","848-2836-14"
"Sawyer","Taylor","561-4393-34"
